mysql -u admin -p -h udacity.ctzd4ndyg8tg.us-east-2.rds.amazonaws.com
Enter password: 
Welcome to the MariaDB monitor.  Commands end with ; or \g.
Your MySQL connection id is 284
Server version: 8.0.23 Source distribution

Copyright (c) 2000, 2018, Oracle, MariaDB Corporation Ab and others.

Type 'help;' or '\h' for help. Type '\c' to clear the current input statement.

MySQL [(none)]> show databases;
+--------------------+
| Database           |
+--------------------+
| information_schema |
| mysql              |
| performance_schema |
| sys                |
| udacity            |
+--------------------+
5 rows in set (0.02 sec)

MySQL [(none)]> use udacity;
Reading table information for completion of table and column names
You can turn off this feature to get a quicker startup with -A

Database changed
MySQL [udacity]> CREATE TABLE authors (id INT, name VARCHAR(20), email VARCHAR(20));
ERROR 1290 (HY000): The MySQL server is running with the --read-only option so it cannot execute this statement
MySQL [udacity]> show tables
    -> ;
+-------------------+
| Tables_in_udacity |
+-------------------+
| MyGuests          |
| authors           |
+-------------------+
2 rows in set (0.00 sec)

MySQL [udacity]> INSERT INTO authors (id,name,email) VALUES(4,"Secondary","read@yahoo.com");
ERROR 1290 (HY000): The MySQL server is running with the --read-only option so it cannot execute this statement
MySQL [udacity]> select * from authors;
+------+-------+---------------+
| id   | name  | email         |
+------+-------+---------------+
|    1 | Vivek | xuz@abc.com   |
|    2 | Priya | p@gmail.com   |
|    3 | Tom   | tom@yahoo.com |
+------+-------+---------------+
3 rows in set (0.00 sec)

MySQL [udacity]> INSERT INTO authors (id,name,email) VALUES(4,"Secondary","read@yahoo.com");
ERROR 2006 (HY000): MySQL server has gone away
No connection. Trying to reconnect...
Connection id:    9
Current database: udacity

Query OK, 1 row affected (0.02 sec)

MySQL [udacity]> select * from authors;
+------+-----------+----------------+
| id   | name      | email          |
+------+-----------+----------------+
|    1 | Vivek     | xuz@abc.com    |
|    2 | Priya     | p@gmail.com    |
|    3 | Tom       | tom@yahoo.com  |
|    4 | Secondary | read@yahoo.com |
+------+-----------+----------------+
4 rows in set (0.00 sec)

MySQL [udacity]> 
